Admiral	https://acnhcdn.com/drivesync/render/houses/brd06_39_Admiral.png
Agent S	https://acnhcdn.com/drivesync/render/houses/squ05_357_Agent%20S.png
Agnes	https://acnhcdn.com/drivesync/render/houses/pig17_313_Agnes.png
Al	https://acnhcdn.com/drivesync/render/houses/gor08_190_Al.png
Alfonso	https://acnhcdn.com/drivesync/render/houses/crd00_102_Alfonso.png
Alice	https://acnhcdn.com/drivesync/render/houses/kal01_221_Alice.png
Alli	https://acnhcdn.com/drivesync/render/houses/crd01_103_Alli.png
Amelia	https://acnhcdn.com/drivesync/render/houses/pbr01_279_Amelia.png
Anabelle	https://acnhcdn.com/drivesync/render/houses/ant03_15_Anabelle.png
Anchovy	https://acnhcdn.com/drivesync/render/houses/brd02_35_Anchovy.png
Angus	https://acnhcdn.com/drivesync/render/houses/bul00_46_Angus.png
Anicotti	https://acnhcdn.com/drivesync/render/houses/mus10_258_Anicotti.png
Ankha	https://acnhcdn.com/drivesync/render/houses/cat19_70_Ankha.png
Annalisa	https://acnhcdn.com/drivesync/render/houses/ant08_17_Annalisa.png
Annalise	https://acnhcdn.com/drivesync/render/houses/hrs09_214_Annalise.png
Antonio	https://acnhcdn.com/drivesync/render/houses/ant01_13_Antonio.png
Apollo	https://acnhcdn.com/drivesync/render/houses/pbr00_278_Apollo.png
Apple	https://acnhcdn.com/drivesync/render/houses/ham01_194_Apple.png
Astrid	https://acnhcdn.com/drivesync/render/houses/kgr05_231_Astrid.png
Audie	https://acnhcdn.com/drivesync/render/houses/wol12_387_Audie.png
Aurora	https://acnhcdn.com/drivesync/render/houses/pgn00_287_Aurora.png
Ava	https://acnhcdn.com/drivesync/render/houses/chn05_92_Ava.png
Avery	https://acnhcdn.com/drivesync/render/houses/pbr05_282_Avery.png
Axel	https://acnhcdn.com/drivesync/render/houses/elp06_154_Axel.png
Baabara	https://acnhcdn.com/drivesync/render/houses/shp01_341_Baabara.png
Bam	https://acnhcdn.com/drivesync/render/houses/der01_110_Bam.png
Bangle	https://acnhcdn.com/drivesync/render/houses/tig03_373_Bangle.png
Barold	https://acnhcdn.com/drivesync/render/houses/cbr16_86_Barold.png
Bea	https://acnhcdn.com/drivesync/render/houses/dog10_128_Bea.png
Beardo	https://acnhcdn.com/drivesync/render/houses/bea13_30_Beardo.png
Beau	https://acnhcdn.com/drivesync/render/houses/der07_115_Beau.png
Becky	https://acnhcdn.com/drivesync/render/houses/chn09_93_Becky.png
Bella	https://acnhcdn.com/drivesync/render/houses/mus02_252_Bella.png
Benedict	https://acnhcdn.com/drivesync/render/houses/chn01_90_Benedict.png
Benjamin	https://acnhcdn.com/drivesync/render/houses/dog16_130_Benjamin.png
Bertha	https://acnhcdn.com/drivesync/render/houses/hip03_202_Bertha.png
Bettina	https://acnhcdn.com/drivesync/render/houses/mus15_261_Bettina.png
Bianca	https://acnhcdn.com/drivesync/render/houses/tig06_376_Bianca.png
Biff	https://acnhcdn.com/drivesync/render/houses/hip04_203_Biff.png
Big Top	https://acnhcdn.com/drivesync/render/houses/elp02_150_Big%20Top.png
Bill	https://acnhcdn.com/drivesync/render/houses/duk00_133_Bill.png
Billy	https://acnhcdn.com/drivesync/render/houses/goa02_178_Billy.png
Biskit	https://acnhcdn.com/drivesync/render/houses/dog03_121_Biskit.png
Bitty	https://acnhcdn.com/drivesync/render/houses/hip05_204_Bitty.png
Blaire	https://acnhcdn.com/drivesync/render/houses/squ01_353_Blaire.png
Blanche	https://acnhcdn.com/drivesync/render/houses/ost08_275_Blanche.png
Bluebear	https://acnhcdn.com/drivesync/render/houses/cbr00_74_Bluebear.png
Bob	https://acnhcdn.com/drivesync/render/houses/cat00_52_Bob.png
Bonbon	https://acnhcdn.com/drivesync/render/houses/rbt17_331_Bonbon.png
Bones	https://acnhcdn.com/drivesync/render/houses/dog04_122_Bones.png
Boomer	https://acnhcdn.com/drivesync/render/houses/pgn10_295_Boomer.png
Boone	https://acnhcdn.com/drivesync/render/houses/gor02_186_Boone.png
Boots	https://acnhcdn.com/drivesync/render/houses/crd02_104_Boots.png
Boris	https://acnhcdn.com/drivesync/render/houses/pig09_306_Boris.png
Boyd	https://acnhcdn.com/drivesync/render/houses/gor05_188_Boyd.png
Bree	https://acnhcdn.com/drivesync/render/houses/mus03_253_Bree.png
Broccolo	https://acnhcdn.com/drivesync/render/houses/mus12_259_Broccolo.png
Broffina	https://acnhcdn.com/drivesync/render/houses/chn12_96_Broffina.png
Bruce	https://acnhcdn.com/drivesync/render/houses/der03_111_Bruce.png
Bubbles	https://acnhcdn.com/drivesync/render/houses/hip02_201_Bubbles.png
Buck	https://acnhcdn.com/drivesync/render/houses/hrs00_206_Buck.png
Bud	https://acnhcdn.com/drivesync/render/houses/lon00_236_Bud.png
Bunnie	https://acnhcdn.com/drivesync/render/houses/rbt00_314_Bunnie.png
Butch	https://acnhcdn.com/drivesync/render/houses/dog01_119_Butch.png
Buzz	https://acnhcdn.com/drivesync/render/houses/pbr03_281_Buzz.png
Cally	https://acnhcdn.com/drivesync/render/houses/squ11_363_Cally.png
Camofrog	https://acnhcdn.com/drivesync/render/houses/flg03_161_Camofrog.png
Canberra	https://acnhcdn.com/drivesync/render/houses/kal08_225_Canberra.png
Candi	https://acnhcdn.com/drivesync/render/houses/mus08_256_Candi.png
Carmen	https://acnhcdn.com/drivesync/render/houses/rbt16_330_Carmen.png
Caroline	https://acnhcdn.com/drivesync/render/houses/squ06_358_Caroline.png
Carrie	https://acnhcdn.com/drivesync/render/houses/kgr02_230_Carrie.png
Cashmere	https://acnhcdn.com/drivesync/render/houses/shp04_343_Cashmere.png
Celia	https://acnhcdn.com/drivesync/render/houses/pbr09_286_Celia.png
Cesar	https://acnhcdn.com/drivesync/render/houses/gor00_184_Cesar.png
Chadder	https://acnhcdn.com/drivesync/render/houses/mus18_264_Chadder.png
Charlise	https://acnhcdn.com/drivesync/render/houses/bea12_29_Charlise.png
Cheri	https://acnhcdn.com/drivesync/render/houses/cbr10_83_Cheri.png
Cherry	https://acnhcdn.com/drivesync/render/houses/dog17_131_Cherry.png
Chester	https://acnhcdn.com/drivesync/render/houses/cbr15_85_Chester.png
Chevre	https://acnhcdn.com/drivesync/render/houses/goa00_176_Chevre.png
Chief	https://acnhcdn.com/drivesync/render/houses/wol00_377_Chief.png
Chops	https://acnhcdn.com/drivesync/render/houses/pig14_310_Chops.png
Chow	https://acnhcdn.com/drivesync/render/houses/bea03_21_Chow.png
Chrissy	https://acnhcdn.com/drivesync/render/houses/rbt13_327_Chrissy.png
Claude	https://acnhcdn.com/drivesync/render/houses/rbt11_325_Claude.png
Claudia	https://acnhcdn.com/drivesync/render/houses/tig05_375_Claudia.png
Clay	https://acnhcdn.com/drivesync/render/houses/ham05_197_Clay.png
Cleo	https://acnhcdn.com/drivesync/render/houses/hrs07_7_Cleo.png
Clyde	https://acnhcdn.com/drivesync/render/houses/hrs10_215_Clyde.png
Coach	https://acnhcdn.com/drivesync/render/houses/bul07_50_Coach.png
Cobb	https://acnhcdn.com/drivesync/render/houses/pig08_305_Cobb.png
Coco	https://acnhcdn.com/drivesync/render/houses/rbt02_316_Coco.png
Cole	https://acnhcdn.com/drivesync/render/houses/rbt18_332_Cole.png
Colton	https://acnhcdn.com/drivesync/render/houses/hrs11_216_Colton.png
Cookie	https://acnhcdn.com/drivesync/render/houses/dog08_126_Cookie.png
Cousteau	https://acnhcdn.com/drivesync/render/houses/flg10_167_Cousteau.png
Cranston	https://acnhcdn.com/drivesync/render/houses/ost06_273_Cranston.png
Croque	https://acnhcdn.com/drivesync/render/houses/flg17_173_Croque.png
Cube	https://acnhcdn.com/drivesync/render/houses/pgn02_289_Cube.png
Curlos	https://acnhcdn.com/drivesync/render/houses/shp08_345_Curlos.png
Curly	https://acnhcdn.com/drivesync/render/houses/pig00_300_Curly.png
Curt	https://acnhcdn.com/drivesync/render/houses/bea02_388_Curt.png
Cyd	https://acnhcdn.com/drivesync/render/houses/elp12_158_Cyd.png
Cyrano	https://acnhcdn.com/drivesync/render/houses/ant00_12_Cyrano.png
Daisy	https://acnhcdn.com/drivesync/render/houses/dog07_125_Daisy.png
Deena	https://acnhcdn.com/drivesync/render/houses/duk04_137_Deena.png
Deirdre	https://acnhcdn.com/drivesync/render/houses/der04_112_Deirdre.png
Del	https://acnhcdn.com/drivesync/render/houses/crd04_105_Del.png
Deli	https://acnhcdn.com/drivesync/render/houses/mnk08_249_Deli.png
Derwin	https://acnhcdn.com/drivesync/render/houses/duk08_140_Derwin.png
Diana	https://acnhcdn.com/drivesync/render/houses/der08_116_Diana.png
Diva	https://acnhcdn.com/drivesync/render/houses/flg18_174_Diva.png
Dizzy	https://acnhcdn.com/drivesync/render/houses/elp01_149_Dizzy.png
Dobie	https://acnhcdn.com/drivesync/render/houses/wol04_381_Dobie.png
Doc	https://acnhcdn.com/drivesync/render/houses/rbt10_324_Doc.png
Dom	https://acnhcdn.com/drivesync/render/houses/shp15_351_Dom.png
Dora	https://acnhcdn.com/drivesync/render/houses/mus00_250_Dora.png
Dotty	https://acnhcdn.com/drivesync/render/houses/rbt01_315_Dotty.png
Drago	https://acnhcdn.com/drivesync/render/houses/crd08_108_Drago.png
Drake	https://acnhcdn.com/drivesync/render/houses/duk09_141_Drake.png
Drift	https://acnhcdn.com/drivesync/render/houses/flg04_162_Drift.png
Ed	https://acnhcdn.com/drivesync/render/houses/hrs06_212_Ed.png
Egbert	https://acnhcdn.com/drivesync/render/houses/chn02_91_Egbert.png
Elise	https://acnhcdn.com/drivesync/render/houses/mnk05_246_Elise.png
Ellie	https://acnhcdn.com/drivesync/render/houses/elp07_155_Ellie.png
Elmer	https://acnhcdn.com/drivesync/render/houses/hrs03_209_Elmer.png
Eloise	https://acnhcdn.com/drivesync/render/houses/elp03_151_Eloise.png
Elvis	https://acnhcdn.com/drivesync/render/houses/lon01_237_Elvis.png
Erik	https://acnhcdn.com/drivesync/render/houses/der09_117_Erik.png
Eugene	https://acnhcdn.com/drivesync/render/houses/kal10_227_Eugene.png
Eunice	https://acnhcdn.com/drivesync/render/houses/shp02_342_Eunice.png
Fang	https://acnhcdn.com/drivesync/render/houses/wol06_383_Fang.png
Fauna	https://acnhcdn.com/drivesync/render/houses/der00_109_Fauna.png
Felicity	https://acnhcdn.com/drivesync/render/houses/cat17_68_Felicity.png
Filbert	https://acnhcdn.com/drivesync/render/houses/squ02_354_Filbert.png
Flip	https://acnhcdn.com/drivesync/render/houses/mnk06_247_Flip.png
Flo	https://acnhcdn.com/drivesync/render/houses/pgn13_298_Flo.png
Flora	https://acnhcdn.com/drivesync/render/houses/ost09_276_Flora.png
Flurry	https://acnhcdn.com/drivesync/render/houses/ham06_198_Flurry.png
Francine	https://acnhcdn.com/drivesync/render/houses/rbt12_326_Francine.png
Frank	https://acnhcdn.com/drivesync/render/houses/pbr06_283_Frank.png
Freckles	https://acnhcdn.com/drivesync/render/houses/duk07_2_Freckles.png
Freya	https://acnhcdn.com/drivesync/render/houses/wol05_382_Freya.png
Friga	https://acnhcdn.com/drivesync/render/houses/pgn04_291_Friga.png
Frita	https://acnhcdn.com/drivesync/render/houses/shp11_348_Frita.png
Frobert	https://acnhcdn.com/drivesync/render/houses/flg02_4_Frobert.png
Fuchsia	https://acnhcdn.com/drivesync/render/houses/der06_114_Fuchsia.png
Gabi	https://acnhcdn.com/drivesync/render/houses/rbt05_319_Gabi.png
Gala	https://acnhcdn.com/drivesync/render/houses/pig13_309_Gala.png
Gaston	https://acnhcdn.com/drivesync/render/houses/rbt04_318_Gaston.png
Gayle	https://acnhcdn.com/drivesync/render/houses/crd07_107_Gayle.png
Genji	https://acnhcdn.com/drivesync/render/houses/rbt08_322_Genji.png
Gigi	https://acnhcdn.com/drivesync/render/houses/flg16_172_Gigi.png
Gladys	https://acnhcdn.com/drivesync/render/houses/ost01_269_Gladys.png
Gloria	https://acnhcdn.com/drivesync/render/houses/duk15_145_Gloria.png
Goldie	https://acnhcdn.com/drivesync/render/houses/dog00_118_Goldie.png
Gonzo	https://acnhcdn.com/drivesync/render/houses/kal04_223_Gonzo.png
Goose	https://acnhcdn.com/drivesync/render/houses/chn00_89_Goose.png
Graham	https://acnhcdn.com/drivesync/render/houses/ham02_195_Graham.png
Greta	https://acnhcdn.com/drivesync/render/houses/mus16_262_Greta.png
Grizzly	https://acnhcdn.com/drivesync/render/houses/bea09_26_Grizzly.png
Groucho	https://acnhcdn.com/drivesync/render/houses/bea06_23_Groucho.png
Gruff	https://acnhcdn.com/drivesync/render/houses/goa04_179_Gruff.png
Gwen	https://acnhcdn.com/drivesync/render/houses/pgn05_292_Gwen.png
Hamlet	https://acnhcdn.com/drivesync/render/houses/ham00_193_Hamlet.png
Hamphrey	https://acnhcdn.com/drivesync/render/houses/ham07_199_Hamphrey.png
Hans	https://acnhcdn.com/drivesync/render/houses/gor10_192_Hans.png
Harry	https://acnhcdn.com/drivesync/render/houses/hip08_205_Harry.png
Hazel	https://acnhcdn.com/drivesync/render/houses/squ18_369_Hazel.png
Henry	https://acnhcdn.com/drivesync/render/houses/flg19_175_Henry.png
Hippeux	https://acnhcdn.com/drivesync/render/houses/hip09_6_Hippeux.png
Hopkins	https://acnhcdn.com/drivesync/render/houses/rbt14_328_Hopkins.png
Hopper	https://acnhcdn.com/drivesync/render/houses/pgn03_290_Hopper.png
Hornsby	https://acnhcdn.com/drivesync/render/houses/rhn04_337_Hornsby.png
Huck	https://acnhcdn.com/drivesync/render/houses/flg11_168_Huck.png
Hugh	https://acnhcdn.com/drivesync/render/houses/pig03_302_Hugh.png
Iggly	https://acnhcdn.com/drivesync/render/houses/pgn11_296_Iggly.png
Ike	https://acnhcdn.com/drivesync/render/houses/bea11_28_Ike.png
Jacob	https://acnhcdn.com/drivesync/render/houses/brd11_41_Jakey.png
Jacques	https://acnhcdn.com/drivesync/render/houses/brd16_43_Jacques.png
Jambette	https://acnhcdn.com/drivesync/render/houses/flg13_170_Jambette.png
Jay	https://acnhcdn.com/drivesync/render/houses/brd00_33_Jay.png
Jeremiah	https://acnhcdn.com/drivesync/render/houses/flg07_165_Jeremiah.png
Jitters	https://acnhcdn.com/drivesync/render/houses/brd04_37_Jitters.png
Joey	https://acnhcdn.com/drivesync/render/houses/duk01_134_Joey.png
Judy	https://acnhcdn.com/drivesync/render/houses/cbr19_88_Judy.png
Julia	https://acnhcdn.com/drivesync/render/houses/ost05_272_Julia.png
Julian	https://acnhcdn.com/drivesync/render/houses/hrs13_218_Julian.png
June	https://acnhcdn.com/drivesync/render/houses/cbr13_390_June.png
Kabuki	https://acnhcdn.com/drivesync/render/houses/cat09_60_Kabuki.png
Katt	https://acnhcdn.com/drivesync/render/houses/cat21_72_Katt.png
Keaton	https://acnhcdn.com/drivesync/render/houses/pbr08_285_Keaton.png
Ken	https://acnhcdn.com/drivesync/render/houses/chn13_97_Ken.png
Ketchup	https://acnhcdn.com/drivesync/render/houses/duk13_144_Ketchup.png
Kevin	https://acnhcdn.com/drivesync/render/houses/pig15_311_Kevin.png
Kid Cat	https://acnhcdn.com/drivesync/render/houses/cat10_61_Kid%20Cat.png
Kidd	https://acnhcdn.com/drivesync/render/houses/goa07_181_Kidd.png
Kiki	https://acnhcdn.com/drivesync/render/houses/cat04_56_Kiki.png
Kitt	https://acnhcdn.com/drivesync/render/houses/kgr00_228_Kitt.png
Kitty	https://acnhcdn.com/drivesync/render/houses/cat14_65_Kitty.png
Klaus	https://acnhcdn.com/drivesync/render/houses/bea14_31_Klaus.png
Knox	https://acnhcdn.com/drivesync/render/houses/chn11_95_Knox.png
Kody	https://acnhcdn.com/drivesync/render/houses/cbr04_78_Kody.png
Kyle	https://acnhcdn.com/drivesync/render/houses/wol10_386_Kyle.png
Leonardo	https://acnhcdn.com/drivesync/render/houses/tig04_374_Leonardo.png
Leopold	https://acnhcdn.com/drivesync/render/houses/lon04_239_Leopold.png
Lily	https://acnhcdn.com/drivesync/render/houses/flg00_159_Lily.png
Limberg	https://acnhcdn.com/drivesync/render/houses/mus01_251_Limberg.png
Lionel	https://acnhcdn.com/drivesync/render/houses/lon08_242_Lionel.png
Lobo	https://acnhcdn.com/drivesync/render/houses/wol01_378_Lobo.png
Lolly	https://acnhcdn.com/drivesync/render/houses/cat18_69_Lolly.png
Lopez	https://acnhcdn.com/drivesync/render/houses/der05_113_Lopez.png
Louie	https://acnhcdn.com/drivesync/render/houses/gor04_187_Louie.png
Lucha	https://acnhcdn.com/drivesync/render/houses/brd15_42_Lucha.png
Lucky	https://acnhcdn.com/drivesync/render/houses/dog02_120_Lucky.png
Lucy	https://acnhcdn.com/drivesync/render/houses/pig04_303_Lucy.png
Lyman	https://acnhcdn.com/drivesync/render/houses/kal09_226_Lyman.png
Mac	https://acnhcdn.com/drivesync/render/houses/dog14_1_Mac.png
Maddie	https://acnhcdn.com/drivesync/render/houses/dog09_127_Maddie.png
Maelle	https://acnhcdn.com/drivesync/render/houses/duk03_136_Maelle.png
Maggie	https://acnhcdn.com/drivesync/render/houses/pig10_307_Maggie.png
Mallary	https://acnhcdn.com/drivesync/render/houses/duk06_139_Mallary.png
Maple	https://acnhcdn.com/drivesync/render/houses/cbr01_75_Maple.png
Marcel	https://acnhcdn.com/drivesync/render/houses/dog15_129_Marcel.png
Marcie	https://acnhcdn.com/drivesync/render/houses/kgr10_235_Marcie.png
Margie	https://acnhcdn.com/drivesync/render/houses/elp04_152_Margie.png
Marina	https://acnhcdn.com/drivesync/render/houses/ocp01_266_Marina.png
Marshal	https://acnhcdn.com/drivesync/render/houses/squ17_368_Marshal.png
Mathilda	https://acnhcdn.com/drivesync/render/houses/kgr01_229_Mathilda.png
Megan	https://acnhcdn.com/drivesync/render/houses/bea15_32_Megan.png
Melba	https://acnhcdn.com/drivesync/render/houses/kal02_222_Melba.png
Merengue	https://acnhcdn.com/drivesync/render/houses/rhn07_338_Merengue.png
Merry	https://acnhcdn.com/drivesync/render/houses/cat16_67_Merry.png
Midge	https://acnhcdn.com/drivesync/render/houses/brd08_40_Midge.png
Mint	https://acnhcdn.com/drivesync/render/houses/squ09_361_Mint.png
Mira	https://acnhcdn.com/drivesync/render/houses/rbt19_333_Mira.png
Miranda	https://acnhcdn.com/drivesync/render/houses/duk12_143_Miranda.png
Mitzi	https://acnhcdn.com/drivesync/render/houses/cat01_53_Mitzi.png
Moe	https://acnhcdn.com/drivesync/render/houses/cat08_59_Moe.png
Molly	https://acnhcdn.com/drivesync/render/houses/duk16_146_Molly.png
Monique	https://acnhcdn.com/drivesync/render/houses/cat11_62_Monique.png
Monty	https://acnhcdn.com/drivesync/render/houses/mnk04_245_Monty.png
Moose	https://acnhcdn.com/drivesync/render/houses/mus14_260_Moose.png
Mott	https://acnhcdn.com/drivesync/render/houses/lon06_240_Mott.png
Muffy	https://acnhcdn.com/drivesync/render/houses/shp12_349_Muffy.png
Murphy	https://acnhcdn.com/drivesync/render/houses/cbr07_81_Murphy.png
Nan	https://acnhcdn.com/drivesync/render/houses/goa01_177_Nan.png
Nana	https://acnhcdn.com/drivesync/render/houses/mnk01_243_Nana.png
Naomi	https://acnhcdn.com/drivesync/render/houses/cow07_101_Naomi.png
Nate	https://acnhcdn.com/drivesync/render/houses/bea05_22_Nate.png
Nibbles	https://acnhcdn.com/drivesync/render/houses/squ04_356_Nibbles.png
Norma	https://acnhcdn.com/drivesync/render/houses/cow06_100_Norma.png
O'Hare	https://acnhcdn.com/drivesync/render/houses/rbt15_329_O_Hare.png
Octavian	https://acnhcdn.com/drivesync/render/houses/ocp00_265_Octavian.png
Olaf	https://acnhcdn.com/drivesync/render/houses/ant09_18_Olaf.png
Olive	https://acnhcdn.com/drivesync/render/houses/cbr09_82_Olive.png
Olivia	https://acnhcdn.com/drivesync/render/houses/cat03_55_Olivia.png
Opal	https://acnhcdn.com/drivesync/render/houses/elp00_148_Opal.png
Ozzie	https://acnhcdn.com/drivesync/render/houses/kal05_224_Ozzie.png
Pancetti	https://acnhcdn.com/drivesync/render/houses/pig16_312_Pancetti.png
Pango	https://acnhcdn.com/drivesync/render/houses/ant02_14_Pango.png
Paolo	https://acnhcdn.com/drivesync/render/houses/elp05_153_Paolo.png
Papi	https://acnhcdn.com/drivesync/render/houses/hrs12_217_Papi.png
Pashmina	https://acnhcdn.com/drivesync/render/houses/goa08_182_Pashmina.png
Pate	https://acnhcdn.com/drivesync/render/houses/duk02_135_Pate.png
Patty	https://acnhcdn.com/drivesync/render/houses/cow00_98_Patty.png
Paula	https://acnhcdn.com/drivesync/render/houses/bea10_27_Paula.png
Peaches	https://acnhcdn.com/drivesync/render/houses/hrs08_213_Peaches.png
Peanut	https://acnhcdn.com/drivesync/render/houses/squ00_352_Peanut.png
Pecan	https://acnhcdn.com/drivesync/render/houses/squ03_355_Pecan.png
Peck	https://acnhcdn.com/drivesync/render/houses/brd17_44_Peck.png
Peewee	https://acnhcdn.com/drivesync/render/houses/gor01_185_Peewee.png
Peggy	https://acnhcdn.com/drivesync/render/houses/pig11_308_Peggy.png
Pekoe	https://acnhcdn.com/drivesync/render/houses/cbr14_84_Pekoe.png
Penelope	https://acnhcdn.com/drivesync/render/houses/mus17_263_Penelope.png
Phil	https://acnhcdn.com/drivesync/render/houses/ost07_274_Phil.png
Phoebe	https://acnhcdn.com/drivesync/render/houses/ost10_277_Phoebe.png
Pierce	https://acnhcdn.com/drivesync/render/houses/pbr02_280_Pierce.png
Pietro	https://acnhcdn.com/drivesync/render/houses/shp13_350_Pietro.png
Pinky	https://acnhcdn.com/drivesync/render/houses/bea01_20_Pinky.png
Piper	https://acnhcdn.com/drivesync/render/houses/brd05_38_Piper.png
Pippy	https://acnhcdn.com/drivesync/render/houses/rbt06_320_Pippy.png
Plucky	https://acnhcdn.com/drivesync/render/houses/chn10_94_Plucky.png
Pompom	https://acnhcdn.com/drivesync/render/houses/duk05_138_Pompom.png
Poncho	https://acnhcdn.com/drivesync/render/houses/cbr02_76_Poncho.png
Poppy	https://acnhcdn.com/drivesync/render/houses/squ15_366_Poppy.png
Portia	https://acnhcdn.com/drivesync/render/houses/dog05_123_Portia.png
Prince	https://acnhcdn.com/drivesync/render/houses/flg12_169_Prince.png
Puck	https://acnhcdn.com/drivesync/render/houses/pgn06_293_Puck.png
Puddles	https://acnhcdn.com/drivesync/render/houses/flg06_164_Puddles.png
Pudge	https://acnhcdn.com/drivesync/render/houses/cbr03_77_Pudge.png
Punchy	https://acnhcdn.com/drivesync/render/houses/cat06_389_Punchy.png
Purrl	https://acnhcdn.com/drivesync/render/houses/cat07_58_Purrl.png
Queenie	https://acnhcdn.com/drivesync/render/houses/ost00_268_Queenie.png
Quillson	https://acnhcdn.com/drivesync/render/houses/duk17_147_Quillson.png
Raddle	https://acnhcdn.com/drivesync/render/houses/flg15_171_Raddle.png
Rasher	https://acnhcdn.com/drivesync/render/houses/pig02_301_Rasher.png
Raymond	https://acnhcdn.com/drivesync/render/houses/cat23_73_Raymond.png
Renée	https://acnhcdn.com/drivesync/render/houses/rhn08_339_Ren�e.png
Reneigh	https://acnhcdn.com/drivesync/render/houses/hrs16_219_Reneigh.png
Rex	https://acnhcdn.com/drivesync/render/houses/lon02_238_Rex.png
Rhonda	https://acnhcdn.com/drivesync/render/houses/rhn01_335_Rhonda.png
Ribbot	https://acnhcdn.com/drivesync/render/houses/flg01_160_Ribbot.png
Ricky	https://acnhcdn.com/drivesync/render/houses/squ10_362_Ricky.png
Rizzo	https://acnhcdn.com/drivesync/render/houses/mus09_257_Rizzo.png
Roald	https://acnhcdn.com/drivesync/render/houses/pgn01_288_Roald.png
Robin	https://acnhcdn.com/drivesync/render/houses/brd01_34_Robin.png
Rocco	https://acnhcdn.com/drivesync/render/houses/hip00_200_Rocco.png
Rocket	https://acnhcdn.com/drivesync/render/houses/gor09_191_Rocket.png
Rod	https://acnhcdn.com/drivesync/render/houses/mus05_255_Rod.png
Rodeo	https://acnhcdn.com/drivesync/render/houses/bul01_47_Rodeo.png
Rodney	https://acnhcdn.com/drivesync/render/houses/ham03_196_Rodney.png
Rolf	https://acnhcdn.com/drivesync/render/houses/tig00_370_Rolf.png
Rooney	https://acnhcdn.com/drivesync/render/houses/kgr09_234_Rooney.png
Rory	https://acnhcdn.com/drivesync/render/houses/lon07_241_Rory.png
Roscoe	https://acnhcdn.com/drivesync/render/houses/hrs04_210_Roscoe.png
Rosie	https://acnhcdn.com/drivesync/render/houses/cat02_54_Rosie.png
Rowan	https://acnhcdn.com/drivesync/render/houses/tig01_371_Rowan.png
Ruby	https://acnhcdn.com/drivesync/render/houses/rbt09_323_Ruby.png
Rudy	https://acnhcdn.com/drivesync/render/houses/cat20_71_Rudy.png
Sally	https://acnhcdn.com/drivesync/render/houses/squ07_359_Sally.png
Samson	https://acnhcdn.com/drivesync/render/houses/mus04_254_Samson.png
Sandy	https://acnhcdn.com/drivesync/render/houses/ost02_270_Sandy.png
Savannah	https://acnhcdn.com/drivesync/render/houses/hrs02_208_Savannah.png
Scoot	https://acnhcdn.com/drivesync/render/houses/duk10_3_Scoot.png
Shari	https://acnhcdn.com/drivesync/render/houses/mnk07_248_Shari.png
Sheldon	https://acnhcdn.com/drivesync/render/houses/squ16_367_Sheldon.png
Shep	https://acnhcdn.com/drivesync/render/houses/dog18_132_Shep.png
Sherb	https://acnhcdn.com/drivesync/render/houses/goa09_183_Sherb.png
Simon	https://acnhcdn.com/drivesync/render/houses/mnk02_9_Simon.png
Skye	https://acnhcdn.com/drivesync/render/houses/wol09_385_Skye.png
Sly	https://acnhcdn.com/drivesync/render/houses/crd06_106_Sly.png
Snake	https://acnhcdn.com/drivesync/render/houses/rbt03_317_Snake.png
Snooty	https://acnhcdn.com/drivesync/render/houses/ant06_16_Snooty.png
Soleil	https://acnhcdn.com/drivesync/render/houses/ham04_5_Soleil.png
Sparro	https://acnhcdn.com/drivesync/render/houses/brd18_45_Sparro.png
Spike	https://acnhcdn.com/drivesync/render/houses/rhn02_336_Spike.png
Spork	https://acnhcdn.com/drivesync/render/houses/pig05_304_Crackle.png
Sprinkle	https://acnhcdn.com/drivesync/render/houses/pgn14_299_Sprinkle.png
Sprocket	https://acnhcdn.com/drivesync/render/houses/ost03_271_Sprocket.png
Static	https://acnhcdn.com/drivesync/render/houses/squ08_360_Static.png
Stella	https://acnhcdn.com/drivesync/render/houses/shp03_11_Stella.png
Sterling	https://acnhcdn.com/drivesync/render/houses/pbr07_284_Sterling.png
Stinky	https://acnhcdn.com/drivesync/render/houses/cat13_64_Stinky.png
Stitches	https://acnhcdn.com/drivesync/render/houses/cbr05_79_Stitches.png
Stu	https://acnhcdn.com/drivesync/render/houses/bul03_48_Stu.png
Sydney	https://acnhcdn.com/drivesync/render/houses/kal03_8_Sydney.png
Sylvana	https://acnhcdn.com/drivesync/render/houses/squ14_365_Sylvana.png
Sylvia	https://acnhcdn.com/drivesync/render/houses/kgr06_232_Sylvia.png
T-Bone	https://acnhcdn.com/drivesync/render/houses/bul05_49_T-Bone.png
Tabby	https://acnhcdn.com/drivesync/render/houses/cat12_63_Tabby.png
Tad	https://acnhcdn.com/drivesync/render/houses/flg09_166_Tad.png
Tammi	https://acnhcdn.com/drivesync/render/houses/mnk03_244_Tammi.png
Tammy	https://acnhcdn.com/drivesync/render/houses/cbr17_87_Tammy.png
Tangy	https://acnhcdn.com/drivesync/render/houses/cat05_57_Tangy.png
Tank	https://acnhcdn.com/drivesync/render/houses/rhn00_334_Tank.png
Tasha	https://acnhcdn.com/drivesync/render/houses/squ13_364_Tasha.png
Teddy	https://acnhcdn.com/drivesync/render/houses/bea00_19_Teddy.png
Tex	https://acnhcdn.com/drivesync/render/houses/pgn12_297_Tex.png
Tia	https://acnhcdn.com/drivesync/render/houses/elp10_157_Tia.png
Tiffany	https://acnhcdn.com/drivesync/render/houses/rbt07_321_Tiffany.png
Timbra	https://acnhcdn.com/drivesync/render/houses/shp10_347_Timbra.png
Tipper	https://acnhcdn.com/drivesync/render/houses/cow01_99_Tipper.png
Tom	https://acnhcdn.com/drivesync/render/houses/cat15_66_Tom.png
Truffles	https://acnhcdn.com/drivesync/render/houses/pig01_10_Truffles.png
Tucker	https://acnhcdn.com/drivesync/render/houses/elp09_156_Tucker.png
Tutu	https://acnhcdn.com/drivesync/render/houses/bea07_24_Tutu.png
Twiggy	https://acnhcdn.com/drivesync/render/houses/brd03_36_Twiggy.png
Tybalt	https://acnhcdn.com/drivesync/render/houses/tig02_372_Tybalt.png
Ursala	https://acnhcdn.com/drivesync/render/houses/bea08_25_Ursala.png
Velma	https://acnhcdn.com/drivesync/render/houses/goa06_180_Velma.png
Vesta	https://acnhcdn.com/drivesync/render/houses/shp00_340_Vesta.png
Vic	https://acnhcdn.com/drivesync/render/houses/bul08_51_Vic.png
Victoria	https://acnhcdn.com/drivesync/render/houses/hrs01_207_Victoria.png
Violet	https://acnhcdn.com/drivesync/render/houses/gor07_189_Violet.png
Vivian	https://acnhcdn.com/drivesync/render/houses/wol08_384_Vivian.png
Vladimir	https://acnhcdn.com/drivesync/render/houses/cbr06_80_Vladimir.png
Wade	https://acnhcdn.com/drivesync/render/houses/pgn09_294_Wade.png
Walker	https://acnhcdn.com/drivesync/render/houses/dog06_124_Walker.png
Walt	https://acnhcdn.com/drivesync/render/houses/kgr08_233_Walt.png
Wart Jr.	https://acnhcdn.com/drivesync/render/houses/flg05_163_Wart%20Jr..png
Weber	https://acnhcdn.com/drivesync/render/houses/duk11_142_Weber.png
Wendy	https://acnhcdn.com/drivesync/render/houses/shp09_346_Wendy.png
Whitney	https://acnhcdn.com/drivesync/render/houses/wol03_380_Whitney.png
Willow	https://acnhcdn.com/drivesync/render/houses/shp07_344_Willow.png
Winnie	https://acnhcdn.com/drivesync/render/houses/hrs05_211_Winnie.png
Wolfgang	https://acnhcdn.com/drivesync/render/houses/wol02_379_Wolfgang.png
Yuka	https://acnhcdn.com/drivesync/render/houses/kal00_220_Yuka.png
Zell	https://acnhcdn.com/drivesync/render/houses/der02_0_Zell.png
Zucker	https://acnhcdn.com/drivesync/render/houses/ocp02_267_Zucker.png